mysql> SELECT * FROM Account;
+----+--------------------+----------+---------------------+------------+
| id | email              | password | createdOn           | modifiedOn |
+----+--------------------+----------+---------------------+------------+
|  1 | hey123@example.com | yourPass | 2016-05-01 00:00:00 | NULL       |
+----+--------------------+----------+---------------------+------------+
1 row in set (0.00 sec)

mysql> SELECT * FROM AddressBook;
+----+-----------+----------+---------------------+---------------------+
| id | accountId | name     | createdOn           | modifiedOn          |
+----+-----------+----------+---------------------+---------------------+
|  1 |        23 | BillyWee | 2015-10-03 00:00:00 | 2015-12-15 00:00:00 |
+----+-----------+----------+---------------------+---------------------+
1 row in set (0.00 sec)

mysql> select * from Entry;
+----+---------------+-----------+-----------+---------------------+------+---------+-------------------+-----------------+------------------+-----------------+-----------------+
| id | addressBookId | firstName | lastName  | birthday            | type | subtype | contentLineOne    | contentLineTwo  | contentLineThree | contentLineFour | contentLineFive |
+----+---------------+-----------+-----------+---------------------+------+---------+-------------------+-----------------+------------------+-----------------+-----------------+
|  1 |            98 | Billy     | Wee       | 2001-05-20 00:00:00 | home | phone   | nothing to report | NULL            | NULL             | NULL            | NULL            |
|  2 |            98 | Billy     | Wee       | 2001-05-20 00:00:00 | home | phone   | nothing to report | NULL            | NULL             | NULL            | NULL            |
|  3 |            50 | Jill      | Valentine | 1997-07-10 00:00:00 | home | phone   | nothing to report | zombies to kill | NULL             | NULL            | NULL            |
+----+---------------+-----------+-----------+---------------------+------+---------+-------------------+-----------------+------------------+-----------------+-----------------+
3 rows in set (0.00 sec)